Model,CTGAN,Gaussian Copula,Normal,TVAE,VectGan
LGBM,0.17522731539145647,0.1711658949442804,0.1664459566703365,0.19074550454427655,0.16747805529884394
