Model,Synth_Type,Test Score,Test Score,Test Score,Test Score,Valid Score,Valid Score,Valid Score,Valid Score
,,mean,std,min,max,mean,std,min,max
LGBM,CTGAN,0.17522731539145647,0.02214217629598838,0.1424014201832555,0.19943094511608625,0.23312541757785077,0.02187811037698417,0.207836197067312,0.2573797611580675
LGBM,Gaussian Copula,0.1711658949442804,0.034899802701439574,0.1159760765327419,0.20589648200354385,0.16528549033726975,0.015475177020853588,0.14766118163404363,0.18892011236591277
LGBM,Normal,0.1664459566703365,0.01772949607725776,0.1362416650395297,0.17844994651936502,0.18885928224354584,0.01670650436767538,0.17262029327575723,0.2075176745619948
LGBM,TVAE,0.19074550454427655,0.05512364457674515,0.15123240863600526,0.2846352729122756,0.24151553472502055,0.030620578836279593,0.2049445513742046,0.27095284036837036
LGBM,VectGan,0.16747805529884394,0.02258403106904583,0.13208321394988287,0.19188264808112493,0.23958647768674143,0.0066409981665137416,0.23103069285050917,0.2482369832995334
